{"x": [0, 1, 2, 3, 4, 5, 6, 7, 8, 9, 10, 11, 12, 13, 14, 15, 16, 17, 18, 19, 20, 21, 22, 23, 24, 25, 26, 27, 28, 29, 30, 31, 32, 33, 34, 35, 36, 37, 38, 39, 40, 41, 42, 43, 44, 45, 46, 47, 48, 49, 50, 51, 52, 53, 54, 55, 56, 57, 58, 59, 60, 61, 62, 63, 64, 65, 66, 67, 68, 69, 70, 71, 72, 73, 74, 75, 76, 77, 78, 79, 80, 81, 82, 83, 84, 85, 86, 87, 88, 89, 90, 91, 92, 93, 94, 95, 96, 97, 98, 99], "y": [0.10486603271484363, 0.32752678710937566, 0.5693411547851568, 0.1671152758789063, 0.4065354418945315, 0.37301661865234337, 0.5406107348632805, 0.7249642626953126, 0.2628833422851553, -0.036391865234374876, -0.2758120312500001, -0.13215993164062567, 0.4041412402343756, -0.2518700146484374, -0.04596867187500031, -0.17286135986328155, -0.03399766357421896, -1.6524779858398446, -1.046744965820313, -0.522414802246093, -0.03160346191406305, -0.12497732666015615, -0.3931279125976559, -1.1377246289062501, -0.4841075756835931, -0.00047884033203082765, 0.13599065429687407, -0.2590526196289069, 0.18148048583984355, 0.10726023437499954, 0.1671152758789063, -0.08427589843750027, 0.4759672900390619, 0.15753846923828085, 0.7584830859374989, 0.5956773730468754, 0.24612393066406213, 0.2413355273437503, 0.2628833422851553, 0.13359645263671815, 0.44005426513671786, 0.1934514941406249, 0.681868632812499, 0.8781931689453124, 1.0673351000976563, 0.4328716601562501, 0.09050082275390636, -0.37876270263671863, 0.05937620117187414, -0.005267243652344433, -0.07948749511718844, 0.05698199951171823, 0.05698199951171823, 0.03303998291015553, -0.31651345947265597, -0.2590526196289069, -0.21356278808593743, -0.38355110595703223, -0.20159177978515608, 0.011492167968750522, 0.0761356127929691, -0.47692497070312534, -0.12497732666015615, -0.43143513916015586, -0.8935160595703131, -0.4410119458007813, -0.13215993164062567, -0.3189076611328119, -0.22074539306640695, 0.01628057128906235, 0.3179499804687502, 0.13599065429687407, 0.16232687255859268, 0.16472107421875037, -0.12497732666015615, 0.08092401611328093, 0.37062241699218745, 0.1503558642578131, 0.13120225097656224, 0.14796166259765542, 0.02106897460937418, -0.21835119140625103, 0.10247183105468771, 0.6722918261718753, 0.37062241699218745, 0.10726023437499954, 0.14796166259765542, 0.42090065185546877, 0.6124367846679686, 0.868616362304687, 0.18387468749999947, 0.4328716601562501, 1.1607089648437494, 0.32513258544921797, 0.27485435058593666, 0.41132384521484333, 0.41371804687499925, 0.054587797851562314, 0.15275006591796902, 0.5789179614257804]}