{"x": [0, 1, 2, 3, 4, 5, 6, 7, 8, 9, 10, 11, 12, 13, 14, 15, 16, 17, 18, 19, 20, 21, 22, 23, 24, 25, 26, 27, 28, 29, 30, 31, 32, 33, 34, 35, 36, 37, 38, 39, 40, 41, 42, 43, 44, 45, 46, 47, 48, 49, 50, 51, 52, 53, 54, 55, 56, 57, 58, 59, 60, 61, 62, 63, 64, 65, 66, 67, 68, 69, 70, 71, 72, 73, 74, 75, 76, 77, 78, 79, 80, 81, 82, 83, 84, 85, 86, 87, 88, 89, 90, 91, 92, 93, 94, 95, 96, 97, 98, 99, 100, 101, 102, 103, 104, 105, 106, 107, 108, 109, 110, 111, 112, 113, 114, 115, 116, 117, 118, 119, 120, 121, 122, 123, 124, 125, 126, 127, 128, 129, 130, 131, 132, 133, 134, 135, 136, 137, 138, 139, 140, 141, 142, 143, 144, 145, 146, 147, 148, 149, 150, 151, 152, 153, 154, 155, 156, 157, 158, 159, 160, 161, 162, 163, 164, 165, 166, 167, 168, 169, 170, 171, 172, 173, 174, 175, 176, 177, 178, 179, 180, 181, 182, 183, 184, 185, 186, 187, 188, 189, 190, 191, 192, 193, 194, 195, 196, 197, 198, 199], "y": [-0.1130063183593748, 0.045010991210938656, 0.030645781249999615, 0.0282515795898437, 0.08810662109375045, 0.10247183105468771, -0.06991068847656123, -0.036391865234374876, 0.20781670410156217, -0.07709329345703075, 0.46639048339843825, 0.013886369628906436, -0.5559336254882812, 0.06655880615234366, -1.25264630859375, -0.6540958935546879, -0.40988732421874907, 1.2469002246093748, 0.15753846923828085, -0.9844957226562503, -0.5056553906249999, 0.622013591308594, 0.018674772949220042, 0.09289502441406228, 0.9763554370117191, -0.5655104321289066, -1.8990807568359376, 0.42568905517578237, 0.3083731738281248, 0.16472107421875037, -0.21835119140624926, 0.08571241943359453, 0.39935283691406376, 1.280419047851563, 0.25570073730468756, 0.3610456103515638, -0.03160346191406127, -0.2734178295898442, -0.24947581298828148, 0.06895300781249958, 0.7943961108398447, 0.054587797851562314, -0.14891934326171885, -1.6333243725585938, -3.8288072949218748, 0.11923124267578089, 0.3873818286132824, -0.2111685864257815, 0.526245524902345, -3.1201236035156246, 1.8262970263671878, 0.06655880615234366, -0.785776984863281, -1.9756952099609375, -2.591005036621093, 0.473573088378906, 0.06416460449218775, -0.28299463623046783, -0.1561019482421866, 0.35146880371093836, 0.49272670166015686, 0.20302830078125034, 0.4041412402343756, -0.426646735839844, -0.503261188964844, -0.15370774658203068, 0.20781670410156217, 0.18626888916015716, -0.3859453076171864, 0.413718046875001, -0.16567875488281203, -0.005267243652342657, -0.1800439648437493, 0.0282515795898437, -1.9733010083007798, -0.6995857250976556, 0.15275006591796902, 0.18387468750000124, 0.5238513232421873, -0.3213018627929678, 0.4472368701171874, -0.06272808349609349, -0.14173673828124933, -1.1209652172851552, -0.5798756420898439, 0.021068974609375957, -1.235886896972655, 0.8398859423828124, -0.37876270263671863, 1.4695609790039068, 0.14556746093750128, 0.07134720947265727, -0.19440917480468656, -0.3931279125976559, 0.3873818286132824, 0.12880804931640633, 0.7129932543945312, 0.3371035937500011, -0.28299463623046783, -0.16567875488281203, -0.048362873535156226, 0.3083731738281248, 0.6339845996093754, 0.14556746093750128, 0.2149993090820317, 0.030645781249999615, 0.2916137622070316, 0.061770402832031834, 0.004309562988281002, -0.3931279125976559, 0.4089296435546874, 0.3347093920898434, 0.054587797851562314, 0.09289502441406228, -0.47453076904296765, -0.44819455078124903, 0.09289502441406228, 0.6148309863281263, -0.4458003491210931, -0.0651222851562494, -0.634942280273437, 0.32034418212890614, -3.8695087231445306, 0.11683704101562498, -0.3428496777343746, 0.15753846923828085, 0.660320817871094, 0.04022258789062505, -0.09864110839843754, 0.4975151049804687, -0.041180268554686705, 0.39456443359375015, 0.4376600634765637, 0.11683704101562498, 0.3155557788085943, -0.03160346191406127, -0.3189076611328119, 0.29640216552734344, 0.049799394531250485, 0.08810662109375045, 1.1415553515625003, -0.17046715820312386, -0.747469758300781, 0.3610456103515638, -0.048362873535156226, 0.4280832568359383, 0.04740519287109457, -0.2111685864257815, 0.4065354418945315, 0.43526586181640603, 0.6172251879882822, 0.5190629199218755, 0.4089296435546874, 0.17669208251953172, 2.1662736621093757, -0.6421248852539065, 1.4168885424804696, 3.4399889453125, 0.6675034228515635, 1.1774683764648444, 0.14556746093750128, 0.41850645019531285, 0.25570073730468756, 0.6244077929687499, -0.6780379101562488, -0.2973598461914051, 0.42568905517578237, -0.19440917480468656, 0.5549759448242195, 0.07134720947265727, 0.10247183105468771, 0.3562572070312502, 0.011492167968750522, 0.7872135058593752, 0.772848295898438, 0.20542250244140625, -0.022026655273437612, 0.16472107421875037, 0.4376600634765637, 0.49033250000000095, 0.10486603271484363, 0.265277543945313, 0.3586514086914061, 0.4065354418945315, -0.42904093749999994, 0.22697031738281304, 0.2221819140625012, -0.03399766357421896, 0.3825934252929688, 0.39217023193359424, 0.0761356127929691, -0.47213656738281173, -0.486501777343749, -0.04357447021484262, 0.32273838378906206, -0.04596867187500031, 0.2676717456054689, 0.1719036791992199, 0.21021090576171986, -0.11061211669921889]}