{"x": [0, 1, 2, 3, 4, 5, 6, 7, 8, 9, 10, 11, 12, 13, 14, 15, 16, 17, 18, 19, 20, 21, 22, 23, 24, 25, 26, 27, 28, 29, 30, 31, 32, 33, 34, 35, 36, 37, 38, 39, 40, 41, 42, 43, 44, 45, 46, 47, 48, 49, 50, 51, 52, 53, 54, 55, 56, 57, 58, 59, 60, 61, 62, 63, 64, 65, 66, 67, 68, 69, 70, 71, 72, 73, 74, 75, 76, 77, 78, 79, 80, 81, 82, 83, 84, 85, 86, 87, 88, 89, 90, 91, 92, 93, 94, 95, 96, 97, 98, 99, 100, 101, 102, 103, 104, 105, 106, 107, 108, 109, 110, 111, 112, 113, 114, 115, 116, 117, 118, 119, 120, 121, 122, 123, 124, 125, 126, 127, 128, 129, 130, 131, 132, 133, 134, 135, 136, 137, 138, 139, 140, 141, 142, 143, 144, 145, 146, 147, 148, 149, 150, 151, 152, 153, 154, 155, 156, 157, 158, 159, 160, 161, 162, 163, 164, 165, 166, 167, 168, 169, 170, 171, 172, 173, 174, 175, 176, 177, 178, 179, 180, 181, 182, 183, 184, 185, 186, 187, 188, 189, 190, 191, 192, 193, 194, 195, 196, 197, 198, 199], "y": [0.05267243652343545, 0.2609679809570302, 0.6799532714843739, 0.08379705810546767, -1.1300631835937516, -0.9864110839843754, -0.4955997436523454, 0.24181436767577935, 0.5219359619140604, -1.0055646972656263, -0.7541735229492197, -3.3327287109375012, -2.214636535644532, -2.243366955566408, -0.23223756103515747, 0.10534487304687445, -0.9002198242187518, -0.48362873535156403, 0.21787235107421665, -0.10534487304687623, 1.055842932128904, 0.2944868041992166, 0.32082302246093697, 0.3711012573242183, 0.809240161132811, 0.6009446166992181, 0.4884171386718741, 1.6136919189453103, 1.0821791503906244, 0.1125274780273422, -0.41898529052734546, -0.2657563842773456, -0.035913024902345825, -1.177947216796877, -0.634463439941408, -0.040701428222657654, -1.1827356201171888, -0.7230489013671892, -0.7924807495117197, -1.2042834350585956, -1.0749965454101567, 0.014365209960935488, -0.18435352783203207, -1.2617442749023446, -0.05027823486328309, -0.6536170532226571, 0.7924807495117179, 0.36152445068359285, -0.1675941162109389, 1.0678139404296854, 0.586579406738279, -0.27293898925781335, 0.6847416748046857, 1.5729904907226544, 2.36786544189453, 0.8164227661132806, -0.44053310546875046, -0.3256114257812506, -0.5506663818359385, -0.46208092041015725, -0.7565677246093756, -1.4030021728515631, -0.19871873779296934, -1.9057845214843763, -0.2873041992187506, -0.656011254882813, -1.2066776367187515, 1.0151415039062481, -0.8523357910156264, -2.190694519042969, -0.43813890380859455, 1.5705962890624985, -0.2825157958984388, 0.208295544433593, -0.7015010864257825, 2.9759926635742175, -1.0151415039062517, 0.19153613281249804, -0.766144531250001, -0.4237736938476573, 0.4237736938476555, -0.6799532714843757, 1.1803414184570293, -0.06224924316406444, -0.052672436523439004, -0.19632453613281342, -0.8595183959960941, -1.948880151367188, -1.7645266235351578, -1.063025537109377, -0.3399766357421896, -1.3934253662109395, 0.07661445312499815, -0.5937620117187521, -1.7956512451171882, -0.5410895751953131, -1.8650830932617204, 0.24899697265624887, 0.062249243164060886, -0.5027823486328131, -0.6488286499023452, 0.08619125976562358, -1.4437036010742208, -1.781286035156251, 0.4477157104492182, -0.05985504150390675, -0.32321722412109466, -1.067813940429689, 0.9002198242187482, 0.4501099121093741, -0.48602293701171995, 0.11971008300781172, -0.6991068847656265, 0.2992752075195302, -0.6440402465820334, 0.05506663818359314, -0.44053310546875046, -0.3064578125000015, -0.7182604980468756, 0.07182604980468632, -1.3359645263671887, -0.579396801757813, -1.0749965454101567, -0.952892260742189, -1.1300631835937516, -1.6927005737304697, -0.37110125732422006, -0.5386953735351572, -1.2904746948242192, 2.2649147705078114, -0.239420166015627, -1.063025537109377, -0.3256114257812506, -0.6655880615234384, -0.670376464843752, -1.594538305664063, -0.37110125732422006, 0.8259995727539042, 0.6799532714843739, -0.6105214233398453, 1.994369982910154, -0.2418143676757829, 0.22026655273437434, -0.2681505859375015, -0.5123591552734386, -0.6368576416015639, -0.016759411621094955, -0.033518823242188134, -0.9888052856445331, -0.7948749511718756, -0.579396801757813, 0.9744400756835923, -1.556231079101563, -0.9193734375000009, 0.21308394775390482, -2.130839477539064, -1.0366893188476567, -0.6631938598632825, 1.388636962890624, -0.6248866333007825, -1.668758557128907, -0.8212111694335942, -0.7829039428710942, -0.4740519287109386, -0.24660277099609473, 1.3096283081054665, -1.1109095703125007, -0.24420856933593882, -0.5315127685546894, 3.627215515136717, 0.10773907470703037, -0.44292730712890815, -0.46686932373047085, -0.3998316772460946, -0.6081272216796894, 0.2346317626953116, -1.1492167968750007, -0.8307879760742196, -0.5937620117187521, 0.14125789794921673, -1.2042834350585956, -0.4309562988281268, 0.7829039428710924, 0.5123591552734368, -0.2920926025390642, -2.5953145996093765, 0.6224924316406231, -0.7278373046875011, -0.48841713867187586, -1.0773907470703143, -0.4788403320312504, -0.5817910034179707, -0.39504327392578276, -0.7469909179687519, -1.3599065429687514, -2.0901380493164066, -0.20111293945312703, -1.0558429321289076, -1.7357962036132832, -2.829946362304689]}